t,altitude_km,speed_ms,mass
1.0599999999999774,0.08161514248582534,0.03408985765100265,53648.6484375
2.0799999999999557,0.08161464190098923,0.01105102763058855,53644.6328125
3.6399999999999224,0.08199920114839915,1.6569289167682824,53412.80078125
4.659999999999901,0.08603576178546063,6.120898929312425,52964.42578125
5.6999999999998785,0.09489911023888271,10.821867884911375,52506.8046875
6.739999999999856,0.10868538005754817,15.656323589374612,52049.03515625
7.779999999999834,0.1275279191558948,20.627142520773106,51590.359375
8.839999999999812,0.15258952955552377,25.942768929272454,51114.1171875
9.85999999999979,0.18091500118013937,31.00263044315481,50673.16015625
10.899999999999768,0.21572846105729696,36.411029839617825,50214.40625
11.919999999999746,0.2553035841608653,41.86614410257443,49764.5390625
12.959999999999724,0.30226539739687,47.69126099449039,49297.04296875
13.979999999999702,0.35214418344025034,53.33443990046279,48855.96875
14.99999999999968,0.4087173525146209,59.23888425535919,48406.19140625
16.01999999999966,0.47116174942278305,65.29475521895161,47956.6015625
17.05999999999982,0.5409981036696118,71.6297248601435,47498.56640625
18.099999999999984,0.6187133568233112,78.2552119740644,47032.16015625
19.10000000000014,0.6965463327026228,84.53733738422147,46601.0859375
20.140000000000303,0.7855506049214164,91.373757895473,46143.75
21.160000000000462,0.8793684494969202,98.25306969643096,45695.23828125
22.16000000000062,0.9777346815647324,105.17005243295378,45255.55859375
23.180000000000778,1.0868673723797546,112.55291955708641,44798.41015625
24.240000000000943,1.2030918896992224,120.13155719968736,44341.28515625
25.280000000001106,1.326530171233695,127.90529067963256,43884.0703125
26.32000000000127,1.457303645628388,135.88430990963957,43426.875
27.36000000000143,1.5982694718557178,144.2361767071102,42960.85546875
28.38000000000159,1.7384810516590952,152.3249549853462,42521.2265625
29.440000000001756,1.89489298389724,161.1351772698122,42055.16796875
30.500000000001922,2.0594563843957148,170.19699120380722,41589.21484375
31.540000000002085,2.228974373011617,179.3527694173889,41132.3046875
32.54000000000224,2.3996315728718183,188.40574439396593,40693.5546875
33.540000000002394,2.57792529896053,197.7238394417648,40255.03515625
34.56000000000256,2.7677839563913875,207.50636210991084,39808.2265625
35.60000000000272,2.9698213668067472,217.79444327732628,39352.69140625
36.620000000002875,3.180540378941223,228.4023568497321,38897.30078125
37.62000000000303,3.3871770615489223,238.70695959083554,38468.1875
38.6400000000032,3.6107037247812843,249.76222566285867,38021.6875
39.640000000003354,3.8383527231008046,260.94112076953047,37583.98046875
40.66000000000351,4.079367075539659,272.70950649805434,37137.55859375
41.70000000000367,4.33441262878431,285.1056467820284,36682.48046875
42.700000000003826,4.588649878352299,297.4320862471496,36245.01953125
43.70000000000398,4.851829116594396,310.0973417920076,35807.74609375
44.70000000000414,5.124021662873216,323.1308022830585,35370.640625
46.06000000000435,5.507889987589792,336.5142995874883,29742.13671875
47.06000000000451,5.79546192406828,345.9650234603789,29536.40234375
48.10000000000464,6.10043327605119,356.2101362345066,29322.638671875
49.12000000000444,6.405466972200549,366.5214441341907,29112.951171875
50.16000000000423,6.722583932337235,377.3682123999856,28899.19140625
51.200000000004025,7.045949250689009,388.5628248859467,28685.435546875
52.24000000000382,7.375650736114709,400.12225963804696,28471.673828125
53.30000000000361,7.718319765779772,412.3134284237432,28253.806640625
54.320000000003404,8.05447775768349,424.4332952215461,28044.16015625
55.38000000000319,8.417384864818072,437.714967092783,27822.181640625
56.420000000002986,8.773752997983946,450.9662223877044,27608.421875
57.44000000000278,9.122906045317999,464.11229976159086,27402.88671875
58.46000000000258,9.485682280431385,477.920257826892,27193.23828125
59.540000000002365,9.87717815853178,492.94981889186465,26971.259765625
60.56000000000216,10.253901907837019,507.53568264042985,26761.611328125
61.62000000000195,10.660222862859955,523.3680205453227,26539.6328125
62.660000000001745,11.058734705439885,539.0334483020788,26325.869140625
63.70000000000154,11.456466572456993,554.7707759511753,26116.22265625
64.72000000000133,11.861022267369204,570.8762234084226,25906.57421875
65.78000000000112,12.288630834047334,587.9950460534143,25688.705078125
66.82000000000092,12.715235295985826,605.146795639641,25474.947265625
67.8800000000007,13.15714801438048,622.9972541537248,25257.080078125
68.9400000000005,13.606175956406048,641.2043887049543,25039.205078125
70.00000000000028,14.070857935191365,660.1567846040589,24817.2265625
71.10000000000007,14.542673733603326,679.4798611187933,24595.21484375
72.13999999999986,15.003656315980828,698.4728015794764,24381.458984375
73.17999999999965,15.471024214610575,717.8406167917516,24167.701171875
74.23999999999944,15.953831616643118,737.9705600477839,23949.828125
75.27999999999923,16.433721695688554,758.1083418587447,23736.064453125
76.35999999999902,16.938421798391033,779.4300950994715,23514.068359375
77.4399999999988,17.44945490894292,801.1794340406386,23292.0234375
78.4799999999986,17.957014757123428,822.9445321870814,23074.125
79.51999999999839,18.450871614002274,844.2847664777379,22864.466796875
80.57999999999818,18.969600095744127,866.8744687624223,22646.556640625
81.65999999999796,19.503711179463657,890.3219571321665,22424.501953125
82.73999999999775,20.043277589833945,914.2163577053399,22202.48046875
83.77999999999754,20.567873711133142,937.6499204141427,21988.638671875
84.85999999999733,21.117592768442,962.4294417230525,21766.60546875
85.89999999999712,21.651581169550074,986.7031133523004,21552.6953125
86.9799999999969,22.21064691262925,1012.3769728081982,21330.66015625
87.9999999999967,22.74270078547427,1037.0433828845337,21120.921875
89.05999999999649,23.29959128878673,1063.1138433227068,20902.9453125
90.07999999999629,23.839076093043435,1088.6274855285858,20693.216796875
91.09999999999609,24.381886277098094,1114.5656590353626,20483.515625
92.11999999999588,24.927795366719597,1140.9253621433827,20273.826171875
93.13999999999568,25.476572040865083,1167.7129752700255,20064.119140625
94.15999999999548,26.028031525808853,1194.9189697890688,19854.375
95.19999999999527,26.60362252808013,1223.6634994075428,19636.478515625
96.21999999999507,27.14873484898638,1251.1966650253046,19430.81640625
97.25999999999486,27.71755699337658,1280.2854023837624,19216.994140625
98.27999999999466,28.277055194436805,1309.2685245554524,19007.29296875
99.33999999999445,28.859817527576233,1339.857829609964,18789.38671875
100.37999999999424,29.43263706076215,1370.3266315607439,18575.53515625
101.39999999999404,29.995066489452846,1400.6840645489492,18365.87109375
102.47999999999382,30.590859504077233,1433.295910128628,18143.791015625
103.55999999999361,31.186534199396732,1466.4012468160324,17921.71484375
104.5999999999934,31.759588152234326,1498.7655442182454,17707.896484375
105.6399999999932,32.33162216811907,1531.5989347689215,17494.119140625
106.69999999999298,32.91309874163358,1565.54761908212,17276.224609375
107.73999999999278,33.48158659251803,1599.2776022461633,17062.34765625
108.81999999999256,34.06914944994543,1634.8377126714602,16840.349609375
109.85999999999235,34.63165348593134,1669.519671757085,16626.572265625
110.93999999999214,35.21162020671612,1704.5127049258501,16412.8046875
111.95999999999194,35.76525017349166,1700.9538097383634,16411.333984375
112.97999999999243,36.292782184603276,1697.6116518665904,16410.626953125
113.97999999999294,36.81572559501685,1694.3625392968356,16410.453125
114.97999999999345,37.334203855304516,1691.198754679222,16410.330078125
115.99999999999397,37.85854733289359,1688.0463427334346,16410.021484375
117.0399999999945,38.3885673089436,1684.8991134635778,16409.75
118.03999999999502,38.89388083653594,1681.929463104962,16409.560546875
119.07999999999555,39.42494798199693,1678.8393713811035,16409.3671875
120.09999999999607,39.9216987598358,1675.9747061521089,16409.19921875
121.1199999999966,40.42417073006544,1673.0995724232546,16409.064453125
122.1199999999971,40.912698176951615,1670.3252570839647,16408.95703125
123.13999999999763,41.40686096006236,1667.5384618003309,16408.869140625
124.13999999999814,41.887314217556614,1664.846216938296,16408.798828125
125.13999999999865,42.36381871835317,1662.1919564966133,16408.744140625
126.15999999999917,42.84581485716312,1659.5218510125237,16408.697265625
127.1799999999997,43.32375831123523,1656.887061458619,16408.66796875
128.1800000000002,43.78841831428371,1654.3377019318334,16408.640625
129.18000000000072,44.249225758623446,1651.8200787776877,16408.62890625
130.18000000000123,44.70619916219579,1649.3338446837258,16408.619140625
131.26000000000178,45.195444035137186,1646.682328250122,16408.619140625
132.2600000000023,45.6444973125821,1644.2576482214874,16408.619140625
133.28000000000281,46.098634348703314,1641.813631219474,16408.619140625
134.28000000000333,46.5400605891447,1639.4452329560015,16408.619140625
135.30000000000385,46.986446992783925,1637.056859121103,16408.619140625
136.32000000000437,47.42893961097533,1634.6953840593,16408.619140625
137.32000000000488,47.858987446496265,1632.4056997119467,16408.619140625
138.3200000000054,48.28531473582273,1630.1407197838353,16408.619140625
139.34000000000592,48.716345862402115,1627.855388215123,16408.619140625
140.34000000000643,49.13518694483373,1625.638870783362,16408.619140625
141.34000000000694,49.5586004987834,1623.4020961682475,16408.619140625
142.34000000000745,49.96179841667856,1621.275605151985,16408.619140625
143.400000000008,50.39393459340988,1619.00008192036,16408.619140625
144.4000000000085,50.79782997966604,1616.8764535412572,16408.619140625
145.40000000000902,51.198061927705425,1614.7749544981268,16408.619140625
146.46000000000956,51.61831488065398,1612.5712301500826,16408.619140625
147.46000000001007,52.01101906348357,1610.5145077606137,16408.619140625
148.4800000000106,52.415563999841105,1608.3982077731453,16408.619140625
149.4800000000111,52.793166303950244,1606.4249702601962,16408.619140625
150.54000000001164,53.1976623333689,1604.3133358409639,16408.619140625
151.54000000001216,53.57552223732462,1602.342640464796,16408.619140625
152.56000000001268,53.957202948585156,1600.353765907151,16408.619140625
153.5800000000132,54.34248685048416,1598.3478028478942,16408.619140625
154.5800000000137,54.701960765591124,1596.4776660874604,16408.619140625
155.60000000001423,55.07241941055958,1594.5517637588473,16408.619140625
156.60000000001475,55.439120164396705,1592.6467015442738,16408.619140625
157.60000000001526,55.78790393069305,1590.8358600079182,16408.619140625
158.62000000001578,56.14724598776247,1588.9713051292365,16408.619140625
159.6400000000163,56.50283976190269,1587.1272499664135,16408.619140625
160.6400000000168,56.84782520589908,1585.339160668335,16408.619140625
161.64000000001732,57.189213435152894,1583.570594016094,16408.619140625
162.68000000001786,57.54044401483576,1581.751900706864,16408.619140625
163.7400000000184,57.89443103014666,1579.9197641756698,16408.619140625
164.78000000001893,58.24438476408576,1578.1092376903255,16408.619140625
165.82000000001946,58.577327356146185,1576.3873245589157,16408.619140625
166.86000000002,58.91295800282224,1574.652042924705,16408.619140625
167.8600000000205,59.2320252631068,1573.0028455838215,16408.619140625
168.86000000002102,59.54751169183792,1571.3725481972797,16408.619140625
169.88000000002154,59.865620874610265,1569.7290601127575,16408.619140625
170.90000000002206,60.180008535468716,1568.1051300766865,16408.619140625
171.92000000002258,60.490676576189465,1566.5007139144711,16408.619140625
172.9400000000231,60.79762683218322,1564.9157723199085,16408.619140625
173.98000000002364,61.106769712494106,1563.3197684957286,16408.619140625
175.02000000002417,61.41205124730966,1561.7439408859584,16408.619140625
176.0800000000247,61.719231961323764,1560.1585388743163,16408.619140625
177.14000000002525,62.02240502876148,1558.5940338576495,16408.619140625
178.16000000002578,62.31596460816881,1557.079329805081,16408.619140625
179.1800000000263,62.59459839931316,1555.6418073463788,16408.619140625
180.1800000000268,62.86966984726139,1554.2228260086758,16408.619140625
181.20000000002733,63.14657421822729,1552.794555650402,16408.619140625
182.22000000002785,63.41977517403686,1551.385553852725,16408.619140625
183.22000000002836,63.689274107572274,1549.9958093194082,16408.619140625
184.22000000002888,63.94471861988667,1548.6786930800192,16408.619140625
185.2400000000294,64.20696261486214,1547.3266739926576,16408.619140625
186.2400000000299,64.46047454659828,1546.0198259646297,16408.619140625
187.26000000003043,64.71539614937326,1544.7058631384139,16408.619140625
188.30000000003096,64.97151125062746,1543.3859027977835,16408.619140625
189.3400000000315,65.22859953549086,1542.0610824978708,16408.619140625
190.38000000003203,65.4722208662394,1540.8058030526852,16408.619140625
191.42000000003256,65.72148406868241,1539.521596287504,16408.619140625
192.4600000000331,65.96217041174683,1538.2817126753891,16408.619140625
193.4800000000336,66.18998232947126,1537.108270687749,16408.619140625
194.50000000003413,66.41869813380484,1535.9302866226083,16408.619140625
195.54000000003467,66.65247599972948,1534.7263423848165,16408.619140625
196.54000000003518,66.86506841577054,1533.6315907973353,16408.619140625
197.5400000000357,67.078492590292,1532.5326309996615,16408.619140625
198.5400000000362,67.28837540723966,1531.4519706005813,16408.619140625
199.5400000000367,67.49471777926676,1530.389594212826,16408.619140625
200.54000000003722,67.69752059760178,1529.3454886615957,16408.619140625
201.54000000003774,67.89678473350895,1528.319642607936,16408.619140625
202.60000000003828,68.10414213165396,1527.2521702958331,16408.619140625
203.66000000003882,68.30752541259199,1526.2051918459638,16408.619140625
204.70000000003935,68.50320985656313,1525.1978745219062,16408.619140625
205.7600000000399,68.69872271700122,1524.1914640776142,16408.619140625
206.78000000004042,68.88310838054633,1523.242347533007,16408.619140625
207.78000000004093,69.06030961804208,1522.330221222976,16408.619140625
208.78000000004144,69.23397791277314,1521.4362811911633,16408.619140625
209.78000000004195,69.40411398247781,1520.5605151238885,16408.619140625
210.78000000004246,69.57071852808912,1519.7029104292778,16408.619140625
211.78000000004297,69.7337922327118,1518.8634542507725,16408.619140625
212.7800000000435,69.89333576302568,1518.0421333565014,16408.619140625
213.780000000044,70.04936917271326,1517.2389020835615,16408.619140625
214.80000000004452,70.20493868860079,1516.438174774098,16408.619140625
215.82000000004504,70.35683740831352,1515.6562959516116,16408.619140625
216.82000000004555,70.5021948038434,1514.9080454779346,16408.619140625
217.84000000004608,70.6468257880673,1514.163493035688,16408.619140625
218.8600000000466,70.78778784453146,1513.4377881388702,16408.619140625
219.8600000000471,70.92242479127226,1512.744609342478,16408.619140625
220.86000000004762,71.05353640074038,1512.0695458043344,16408.619140625
221.86000000004813,71.18112320637889,1511.4125973602095,16408.619140625
222.88000000004865,71.30763103410986,1510.7611719824085,16408.619140625
223.92000000004919,71.43284474951588,1510.1163781927878,16408.619140625
224.96000000004972,71.55653675693681,1509.4793620554028,16408.619140625
225.96000000005023,71.6673798126207,1508.9085154982374,16408.619140625
227.00000000005076,71.78130936050741,1508.3217468143494,16408.619140625
228.00000000005127,71.88725783253706,1507.7760362979063,16408.619140625
229.00000000005178,71.98967662828147,1507.2484562827608,16408.619140625
230.04000000005232,72.09244946039887,1506.7190038192107,16408.619140625
231.06000000005284,72.18957013497234,1506.218720549057,16408.619140625
232.06000000005335,72.28123110567452,1505.7465426938302,16408.619140625
233.1200000000539,72.37627152813307,1505.2569372039018,16408.619140625
234.1200000000544,72.46061172302079,1504.82243830065,16408.619140625
235.12000000005492,72.53985091464733,1504.41420454276,16408.619140625
236.14000000005544,72.61873533333547,1504.400616017998,16406.564453125
237.18000000005597,72.69554992072983,1526.0233574167721,16291.7919921875
238.18000000005648,72.76755892080092,1549.5156261417305,16168.3466796875
239.220000000057,72.83637694520375,1574.7739224712582,16036.927734375
240.22000000005718,72.90094094838621,1599.7687256761524,15908.0556640625
241.3000000000562,72.96758875511249,1625.423852137693,15776.8818359375
242.38000000005522,73.03116053084028,1649.5698727744484,15654.4228515625
243.44000000005425,73.09070062802219,1671.9150295497714,15541.9541015625
244.5000000000533,73.14858840909868,1693.3334776715874,15434.91015625
245.54000000005234,73.20080265917012,1712.442754039598,15340.0341796875
246.5800000000514,73.2516841328888,1730.8859978486728,15249.0234375
247.62000000005045,73.30030733981205,1748.3904105985346,15163.1494140625
248.64000000004953,73.34676487791818,1764.9638995155233,15082.2919921875
249.6600000000486,73.38948229367507,1780.0728414937553,15008.95703125
250.68000000004767,73.43116701774125,1794.641165586322,14938.580078125
251.7400000000467,73.47331800943148,1809.3221882668556,14868.0
252.78000000004576,73.51133486112417,1822.4545814424196,14805.146484375
253.8400000000448,73.54908036263811,1835.4447130727533,14743.2392578125
254.90000000004383,73.5851099562766,1847.6815095556715,14685.154296875
255.9400000000429,73.61886690435523,1859.1842811137124,14630.7685546875
256.96000000004193,73.65051012588164,1869.8374838890381,14580.5771484375
258.02000000004097,73.68192538775038,1880.3697990508028,14531.125
259.06000000004,73.71135743832112,1890.1813225221085,14485.2080078125
260.0800000000391,73.73894435146823,1899.3000084390926,14442.662109375
261.1400000000381,73.76633005498803,1908.3487540294418,14400.5673828125
262.1800000000372,73.79197647496022,1916.7940145503676,14361.392578125
263.2400000000362,73.81694146841927,1924.9686069378047,14323.5732421875
264.2800000000353,73.84076597796346,1932.7727561957704,14287.5634765625
265.3200000000343,73.86308176996047,1939.98775606157,14254.3486328125
266.3400000000334,73.8835924086197,1946.7011950462843,14223.5185546875
267.38000000003245,73.90398197326262,1953.230167532253,14193.591796875
268.4400000000315,73.92381938692998,1959.6389167319946,14164.2822265625
269.46000000003056,73.9420474464771,1965.5748802946966,14137.1923828125
270.48000000002963,73.95946795252385,1971.0960625399168,14112.03515625
271.5000000000287,73.97611605015653,1976.4289615749428,14087.78125
272.5800000000277,73.9929373122413,1981.807344103863,14063.3642578125
273.6000000000268,74.00838745374384,1986.695337939997,14041.20703125
274.62000000002587,74.022580036305,1991.2373072246278,14020.6533203125
275.6800000000249,74.03694636477611,1995.776253544206,14000.140625
276.700000000024,74.05013862073258,1999.9574944510057,13981.271484375
277.74000000002303,74.06298077726038,2004.071988744755,13962.732421875
278.80000000002207,74.07569296204136,2008.016838672433,13944.974609375
279.82000000002114,74.08691398635774,2011.6761980522906,13928.53125
280.8800000000202,74.09827423471643,2015.3672948821018,13911.96484375
281.92000000001923,74.1091007927357,2018.8143070679457,13896.5087890625
282.9400000000183,74.11884648710327,2022.0277776288078,13882.1201171875
283.9600000000174,74.12833275717917,2025.115427769171,13868.30859375
285.0200000000164,74.13791516776429,2028.1965717765004,13854.537109375
286.06000000001546,74.14653990006971,2031.0142302599945,13841.958984375
287.1200000000145,74.15508600873255,2033.844148526772,13829.337890625
288.18000000001354,74.16322617256665,2036.5008724592324,13817.5
289.24000000001257,74.17097756690835,2038.9465055011738,13806.6064453125
290.26000000001164,74.17819835246576,2041.3493589062396,13795.91796875
291.34000000001066,74.18523182775581,2043.6987057703557,13785.4765625
292.3800000000097,74.19192793636257,2045.9575086493392,13775.4462890625
293.46000000000873,74.1983019326072,2048.097391160248,13765.951171875
294.52000000000777,74.20436896567664,2050.0899130905837,13757.1123046875
295.6000000000068,74.21024109314196,2052.0938600336867,13748.2333984375
296.62000000000586,74.21552828994113,2053.8854018634765,13740.298828125
297.7000000000049,74.22095349730574,2055.7244570196117,13732.16015625
298.74000000000393,74.22573894909769,2057.2474685516863,13725.41796875
299.80000000000297,74.2304736927346,2058.9218904926593,13718.0185546875
300.82000000000204,74.23481146412692,2060.344706289698,13711.7294921875
301.8400000000011,74.23894413646147,2061.7689601493666,13705.439453125
302.88000000000017,74.24295622442348,2063.147254258753,13699.3564453125
303.9399999999992,74.24684512672178,2064.4983747774563,13693.3955078125
304.97999999999826,74.25047346331552,2065.7474053573465,13687.88671875
305.9999999999973,74.2538602742512,2066.9695692944633,13682.5009765625
307.07999999999635,74.25726966246019,2068.1732797455056,13677.1982421875
308.1399999999954,74.26044760119193,2069.274547077211,13672.34765625
309.15999999999445,74.26335631293222,2070.339466006391,13667.6611328125
310.1999999999935,74.26617676865985,2071.3012374706313,13663.427734375
311.2199999999926,74.26880761163937,2072.2545765031896,13659.234375
312.2799999999916,74.27139893261274,2073.1800174399095,13655.1640625
313.35999999999063,74.27390587563742,2074.332848848258,13650.1083984375
314.3799999999897,74.27620733246336,2075.0993131036626,13646.7373046875
315.41999999998876,74.27835352792707,2075.913822485115,13643.1611328125
316.4599999999878,74.28043366789002,2076.5301988754013,13640.447265625
317.4799999999869,74.28237283859146,2077.260728804802,13637.2412109375
318.51999999998594,74.28428784799006,2078.0766767667324,13633.6650390625
319.59999999998496,74.28610599099996,2078.6944677494753,13630.951171875
320.639999999984,74.28780130342487,2079.5400114736435,13627.251953125
321.6599999999831,74.28937641116336,2080.2442058599604,13624.1689453125
322.7199999999821,74.29094263415307,2081.090655844222,13620.46875
323.7599999999812,74.29240731860872,2081.577738468171,13618.3310546875
324.77999999998025,74.29377988977568,2082.415776486646,13614.6728515625
325.8399999999793,74.29514223965886,2083.0361134376008,13611.9599609375
326.8999999999783,74.29642719994776,2083.3725179935113,13610.48046875
327.9199999999774,74.29762368433398,2083.9652267113106,13607.8896484375
328.9799999999764,74.29883504812419,2084.4726664571936,13605.6708984375
330.03999999997546,74.29997298007237,2084.8951225446763,13603.8203125
331.05999999997454,74.30100305425353,2085.517193413949,13601.107421875
332.0799999999736,74.30201408158884,2085.8264426671076,13599.7509765625
333.13999999997264,74.30302571731876,2086.4487704512294,13597.0380859375
334.1999999999717,74.30401930095954,2086.8720341508206,13595.1875
335.21999999997075,74.30490985067514,2087.3811433912842,13592.96875
336.2799999999698,74.30582583551598,2087.918716645749,13590.625
337.31999999996884,74.30671748309221,2088.3140834605056,13588.8984375
338.3599999999679,74.30755558124976,2088.937555815023,13586.185546875
339.497714843717,74.3085657055428,2088.947601446963,13582.908203125
341.36151367184203,74.31023388713645,2088.94144482097,13582.908203125
343.42093749996707,74.31199558012688,2088.9349429979297,13582.908203125
344.715507812467,74.3134375622177,2088.929621398349,13582.908203125
346.71626953121705,74.31463623172033,2088.9251973939004,13582.908203125
347.83436523434204,74.31591740514536,2088.920469090596,13582.908203125
350.971503906217,74.31772097006568,2088.913812994691,13582.908203125
353.833593749967,74.31958936219593,2088.906917696966,13582.908203125
357.009589843717,74.32146802728914,2088.899984332824,13582.908203125
359.597587890592,74.32284743964928,2088.8948937587297,13582.908203125
362.451445312467,74.32421054523566,2088.8898629424293,13582.908203125
366.163164062467,74.32573563534348,2088.8842348547314,13582.908203125
368.778789062467,74.32664182366535,2088.8808906414456,13582.908203125
371.251054687467,74.32737021007657,2088.8782026257695,13582.908203125
373.579570312467,74.32794230799085,2088.876091354484,13582.908203125
375.763945312467,74.32837850164191,2088.874481660156,13582.908203125
377.804179687467,74.32869798914611,2088.8733025574606,13582.908203125
379.700273437467,74.32897344637651,2088.872286182344,13582.908203125
381.452226562467,74.32905769245023,2088.871975322873,13582.908203125
383.563945312467,74.3291418516963,2088.871664923284,13582.908203125
386.25183593746704,74.32911733335338,2088.8717555430667,13582.908203125
387.380351562467,74.3290630911279,2088.871955741394,13582.908203125
389.20496093746704,74.3289204677185,2088.8724822670742,13582.908203125
390.453007812467,74.32878377571853,2088.872986780828,13582.908203125
391.6530078124669,74.32862241585984,2088.8735824401656,13582.908203125
393.4530078124668,74.32832525469013,2088.8746791856015,13582.908203125
394.8530078124667,74.32804846663797,2088.875700796613,13582.908203125
396.25300781246665,74.32773170747085,2088.8768699031148,13582.908203125
397.4530078124666,74.3274284056524,2088.8779893649335,13582.908203125
398.6530078124665,74.32703744659224,2088.879432316426,13582.908203125
400.2530078124664,74.32660655973119,2088.8810226743453,13582.908203125
401.45300781246635,74.32620541783132,2088.8825031461947,13582.908203125
402.8530078124663,74.32570038958278,2088.8843671672057,13582.908203125
404.0530078124662,74.32515542016294,2088.8863784974615,13582.908203125
405.4530078124661,74.32465654027997,2088.888219702033,13582.908203125
406.85300781246605,74.32403748482791,2088.89050446865,13582.908203125
408.053007812466,74.32347514946584,2088.89257996654,13582.908203125
409.4530078124659,74.32278204113734,2088.8951379984405,13582.908203125
410.8530078124658,74.32204911265814,2088.8978430836914,13582.908203125
412.05300781246575,74.32138917041512,2088.9002787357963,13582.908203125
413.2530078124657,74.32070001025451,2088.9028223387872,13582.908203125
414.4530078124656,74.31998153353145,2088.9054738831496,13582.908203125
415.65300781246555,74.31923388112942,2088.9082332879043,13582.908203125
417.25300781246546,74.31819160180015,2088.912080212375,13582.908203125
418.4530078124654,74.31737577286712,2088.915091156225,13582.908203125
419.8530078124653,74.31638706995163,2088.9187400694673,13582.908203125
421.05300781246524,74.31535873564903,2088.9225354975756,13582.908203125
422.45300781246516,74.31444569891575,2088.92590529534,13582.908203125
423.8530078124651,74.31334367132722,2088.9299726408103,13582.908203125
425.053007812465,74.31236750536576,2088.9335753789264,13582.908203125
426.25300781246494,74.31136224516354,2088.937285530784,13582.908203125
427.4530078124649,74.31015264351991,2088.941749733363,13582.908203125
428.8530078124648,74.30908439207903,2088.9456924077804,13582.908203125
430.4530078124647,74.30761488905084,2088.9511160746533,13582.908203125
432.0530078124646,74.30609373341419,2088.9567302092205,13582.908203125
433.45300781246453,74.30472049417672,2088.9617986602775,13582.908203125
435.25300781246443,74.30289688722627,2088.9685291521873,13582.908203125
436.45300781246436,74.30164493975776,2088.973149724408,13582.908203125
437.8530078124643,74.30014780021295,2088.9786753239296,13582.908203125
439.0530078124642,74.29883321982634,2088.983527127376,13582.908203125
440.25300781246415,74.29748976160214,2088.9884855296323,13582.908203125
441.4530078124641,74.2961174606228,2088.993550445843,13582.908203125
443.253007812464,74.29400496849371,2089.0013473550694,13582.908203125
444.4530078124639,74.29256057218124,2089.006678215722,13582.908203125
446.0530078124638,74.29058998800802,2089.01395123618,13582.908203125
447.25300781246375,74.28907853067632,2089.0195297931846,13582.908203125
448.4530078124637,74.28753835172823,2089.0252143614953,13582.908203125
450.0530078124636,74.28544011073512,2089.0329585416184,13582.908203125
451.2530078124635,74.2838330133789,2089.0388901053147,13582.908203125
452.65300781246344,74.28192190021451,2089.045943835477,13582.908203125
454.05300781246336,74.27997180686123,2089.053141284505,13582.908203125
455.4530078124633,74.27798283605394,2089.060482274944,13582.908203125
456.6530078124632,74.27624710449366,2089.0668886729886,13582.908203125
457.85300781246315,74.27448283684068,2089.073400315244,13582.908203125
459.25300781246307,74.27238858758041,2089.0811300795604,13582.908203125
460.453007812463,74.27025556565833,2089.0890027811583,13582.908203125
462.0530078124629,74.26808390447206,2089.0970182197766,13582.908203125
463.25300781246284,74.26587358333671,2089.1051762371685,13582.908203125
464.65300781246276,74.26394833246769,2089.11228215451,13582.908203125
465.8530078124627,74.26199477771425,2089.119492564843,13582.908203125
467.4530078124626,74.25934607569233,2089.1292687828013,13582.908203125
469.2530078124625,74.25630632503983,2089.1404884646754,13582.908203125
470.6530078124624,74.25389819903916,2089.1493767427364,13582.908203125
471.85300781246235,74.25180358923751,2089.1571078224047,13582.908203125
473.0530078124623,74.24968091073609,2089.164942651389,13582.908203125
474.2530078124622,74.24753012453928,2089.1728811231,13582.908203125
475.45300781246215,74.2449854912617,2089.1822734651914,13582.908203125
477.05300781246206,74.2424027118074,2089.1918064886304,13582.908203125
478.253007812462,74.24015861944004,2089.2000894510875,13582.908203125
479.6530078124619,74.2375052579107,2089.209883143129,13582.908203125
480.85300781246184,74.23520074533147,2089.2183892180815,13582.908203125
482.25300781246176,74.23247696222516,2089.2284428393414,13582.908203125
483.6530078124617,74.22971534123225,2089.2386361054396,13582.908203125
485.0530078124616,74.2269159992229,2089.248968773278,13582.908203125
486.25300781246153,74.22448652259737,2089.257936142752,13582.908203125
487.45300781246146,74.22202940614149,2089.267005617651,13582.908203125
488.8530078124614,74.21912787320186,2089.2777155285603,13582.908203125
490.2530078124613,74.21618880275544,2089.2885639862757,13582.908203125
491.6530078124612,74.21321229491942,2089.299550739131,13582.908203125
492.85300781246116,74.21019835286005,2089.310675560863,13582.908203125
494.2530078124611,74.20758527811593,2089.3203208122295,13582.908203125
495.453007812461,74.20450211806211,2089.3317013518163,13582.908203125
497.05300781246126,74.20138173574989,2089.3432192390246,13582.908203125
498.25300781246153,74.19867757971387,2089.3532008279817,13582.908203125
499.4530078124618,74.19594621834356,2089.363282960134,13582.908203125
500.8530078124621,74.19226210798091,2089.376881933585,13582.908203125
502.25300781246244,74.18899890047219,2089.3889271342323,13582.908203125
503.65300781246276,74.18617256245005,2089.39935989035,13582.908203125
504.85300781246303,74.18331919715774,2089.409892441999,13582.908203125
506.0530078124633,74.18043886238209,2089.420524613543,13582.908203125
507.4530078124636,74.17704441479967,2089.433054499679,13582.908203125
508.6530078124639,74.17410577632964,2089.4439019245324,13582.908203125
509.85300781246417,74.17064347843849,2089.4566824441195,13582.908203125
511.2530078124645,74.16764677808014,2089.4677442840725,13582.908203125
512.6530078124648,74.16360961052368,2089.4826468701567,13582.908203125
514.0530078124651,74.16055064532976,2089.493938665854,13582.908203125
515.4530078124654,74.15694822652894,2089.5072365881824,13582.908203125
516.6530078124657,74.15383168407169,2089.5187410145722,13582.908203125
518.053007812466,74.1501622380577,2089.5322864904565,13582.908203125
519.2530078124663,74.14698835065892,2089.544002665368,13582.908203125
520.6530078124666,74.14271547669755,2089.559775749201,13582.908203125
522.253007812467,74.13893834543252,2089.573718914095,13582.908203125
523.4530078124673,74.1351254774594,2089.587794026944,13582.908203125
525.0530078124676,74.13127699619764,2089.6020007628345,13582.908203125
526.2530078124679,74.12794997667265,2089.6142824981653,13582.908203125
527.6530078124682,74.1240355163787,2089.628732854229,13582.908203125
528.8530078124685,74.1206520937021,2089.6412229263833,13582.908203125
530.2530078124688,74.11667197725735,2089.6559157851375,13582.908203125
531.4530078124691,74.112656640306,2089.670738753619,13582.908203125
532.6530078124694,74.10976701343712,2089.681406068658,13582.908203125
534.0530078124697,74.10569152600307,2089.696451306316,13582.908203125
535.45300781247,74.1009909542367,2089.7138040696877,13582.908203125
536.8530078124703,74.0974356188227,2089.7269290889735,13582.908203125
538.0530078124706,74.09385473081865,2089.740148533181,13582.908203125
539.4530078124709,74.0896448021091,2089.755690274164,13582.908203125
540.6530078124712,74.08600875601556,2089.769113559361,13582.908203125
541.8530078124714,74.08234731121699,2089.7826305879116,13582.908203125
543.0530078124717,74.07866054816672,2089.7962411323533,13582.908203125
544.453007812472,74.07432742309466,2089.8122379918423,13582.908203125
545.8530078124724,74.0699600232609,2089.8283614741836,13582.908203125
547.2530078124727,74.06555843255506,2089.844611223604,13582.908203125
548.653007812473,74.06112277076487,2089.8609868712642,13582.908203125
549.9010546874731,74.05713990110927,2089.875690985956,13582.908203125
551.3014453124731,74.05157923139271,2089.8962201257264,13582.908203125
553.1022265624731,74.04680107401451,2089.9138605334206,13582.908203125
554.8299609374732,74.0411478196946,2089.9347318082755,13582.908203125
556.2936328124731,74.03631864749768,2089.9525608228823,13582.908203125
557.9014453124731,74.0309717746278,2089.972301180769,13582.908203125
559.6533984374731,74.02509559398284,2089.9939960001725,13582.908203125
561.5494921874731,74.01867730606126,2090.017692029149,13582.908203125
564.3018359374731,74.00925304625254,2090.05248685207,13582.908203125
567.3104296874732,73.99603049736004,2090.1013057296136,13582.908203125
569.7346484374731,73.9902791419361,2090.1225405192317,13582.908203125
573.1901171874731,73.97795689874806,2090.1680365086636,13582.908203125
575.0139453124731,73.96797495072603,2090.204892198073,13582.908203125
579.8537890624731,73.95364320888254,2090.2578088461933,13582.908203125
582.8537890624731,73.94246297907597,2090.299090131421,13582.908203125
585.8537890624731,73.93113895968615,2090.340902907273,13582.908203125
588.8537890624731,73.91967229237513,2090.383242888537,13582.908203125
591.8537890624731,73.90806416304794,2090.4261057269014,13582.908203125
594.8537890624731,73.89631579834398,2090.469487012331,13582.908203125
597.8537890624731,73.8844284586768,2090.5133822748844,13582.908203125
600.8537890624731,73.87240324414464,2090.557787042677,13582.908203125
603.8537890624731,73.85615755305649,2090.6177779964655,13582.908203125
607.8537890624731,73.84381568600865,2090.663353717306,13582.908203125
610.8537890624731,73.83134025741741,2090.709423497087,13582.908203125
613.8537890624731,73.81873253164382,2090.755982606808,13582.908203125
616.8537890624731,73.80599377661815,2090.8030262699463,13582.908203125
620.8537890624731,73.78880725199694,2090.8664965271137,13582.908203125
624.8537890624731,73.77139332196651,2090.93080799074,13582.908203125
626.8537890624731,73.75818549585493,2090.9795865803453,13582.908203125
630.8537890624731,73.74485296078504,2091.028826704757,13582.908203125
632.8537890624731,73.73589598818239,2091.0619073660914,13582.908203125
636.8537890624731,73.71781915189477,2091.1286712812125,13582.908203125
639.8537890624731,73.70412067545182,2091.179265455076,13582.908203125
642.8537890624731,73.68567091559503,2091.2474094383315,13582.908203125
645.8537890624731,73.67169662510138,2091.2990244117354,13582.908203125
649.8537890624731,73.65760650086624,2091.351068051413,13582.908203125
653.8537890624731,73.63864201672713,2091.4211171086868,13582.908203125
656.8537890624731,73.62428740511194,2091.474140013054,13582.908203125
659.8537890624731,73.60982179905741,2091.527573558524,13582.908203125
662.8537890624731,73.59524684873898,2091.5814121927297,13582.908203125
665.8537890624731,73.58056396537891,2091.6356503927777,13582.908203125
668.8537890624731,73.56082156281511,2091.7085798546836,13582.908203125
671.8537890624731,73.55088058906281,2091.7453030482843,13582.908203125
675.8537890624731,73.53086135106534,2091.8192579518936,13582.908203125
679.8537890624731,73.51066214174789,2091.8938795567847,13582.908203125
682.8537890624731,73.49028667210625,2091.969154173693,13582.908203125
685.8537890624731,73.47489166262326,2092.026030367384,13582.908203125
689.8537890624731,73.45940121549542,2092.08326023788,13582.908203125
692.8537890624731,73.44381694552372,2092.1408378721144,13582.908203125
695.8537890624731,73.42814045204396,2092.1987573262945,13582.908203125
699.8537890624731,73.40709782767645,2092.276504633137,13582.908203125
702.8537890624731,73.38589804040652,2092.354834687732,13582.908203125
706.8537890624731,73.36989739622945,2092.413956006267,13582.908203125
709.8537890624731,73.35381221494218,2092.4733909098472,13582.908203125
712.8537890624731,73.33764413435769,2092.53313326097,13582.908203125
715.8537890624731,73.32139486969716,2092.593176868791,13582.908203125
718.8537890624731,73.30506606315367,2092.6535155343217,13582.908203125
721.8537890624731,73.2886594466198,2092.714143002489,13582.908203125
724.8537890624731,73.26666583894647,2092.7954180328597,13582.908203125
729.8537890624731,73.24454094643262,2092.8771803855434,13582.908203125
732.8537890624731,73.22786362580547,2092.9388128891633,13582.908203125
735.8537890624731,73.21111648466939,2093.0007046631536,13582.908203125
738.8537890624731,73.1886813883552,2093.083619242766,13582.908203125
742.8537890624731,73.17177808839037,2093.1460910026685,13582.908203125
745.8537890624731,73.15481086293865,2093.208800532668,13582.908203125
748.8537890624731,73.13209140989207,2093.292771890415,13582.908203125
751.8537890624731,73.11498171405867,2093.356010941852,13582.908203125
755.8537890624731,73.09781388349342,2093.4194660271123,13582.908203125
758.8537890624731,73.08058988922205,2093.483130507315,13582.908203125
761.8537890624731,73.06331135788012,2093.54699782461,13582.908203125
764.8537890624731,73.04019156649092,2093.632458316735,13582.908203125
768.8537890624731,73.016982393643,2093.718251816157,13582.908203125
772.8537890624731,72.99951942014938,2093.782805955989,13582.908203125
775.8537890624731,72.98201039601909,2093.847531799253,13582.908203125
778.8537890624731,72.95859646718519,2093.9340884148696,13582.908203125
782.8537890624731,72.94098702456988,2093.9991887321385,13582.908203125
785.8537890624731,72.92333757595637,2094.064438278447,13582.908203125
788.8537890624731,72.89974599354633,2094.1516580578063,13582.908203125
793.8537890624731,72.87609102339309,2094.2391149137898,13582.908203125
795.8537890624731,72.85831071390281,2094.3048534429727,13582.908203125
799.8537890624731,72.84049910671182,2094.3707093765624,13582.908203125
801.8537890624731,72.82860809403029,2094.4146752122147,13582.908203125
805.8537890624731,72.80478909553541,2094.5027461210548,13582.908203125
809.8537890624731,72.78092429444636,2094.590989142979,13582.908203125
812.8537890624731,72.76299819870421,2094.6572745582853,13582.908203125
815.8537890624731,72.74505066641665,2094.723640698449,13582.908203125
819.8537890624731,72.72109064581676,2094.8122424631715,13582.908203125
821.8537890624731,72.70310044502013,2094.878770029189,13582.908203125
825.8537890624731,72.68509498276421,2094.945355252084,13582.908203125
828.8537890624731,72.66707633006841,2095.0119911316215,13582.908203125
831.8537890624731,72.64904621204442,2095.0786707614056,13582.908203125
834.8537890624731,72.63100649178739,2095.1453871900253,13582.908203125
837.8537890624731,72.61295921378652,2095.2121334072135,13582.908203125
840.8537890624731,72.59490613525652,2095.278902482483,13582.908203125
843.8537890624731,72.57684913660808,2095.345687446087,13582.908203125
845.8537890624731,72.56480992953317,2095.3902161262595,13582.908203125
849.8537890624731,72.54073113923963,2095.479277072572,13582.908203125
851.8537890624731,72.5286924397744,2095.523805271501,13582.908203125
855.8537890624731,72.5046200844883,2095.61284652976,13582.908203125
858.8537890624731,72.48055745916359,2095.7018540242557,13582.908203125
861.8537890624731,72.46853127764469,2095.7463399149456,13582.908203125
865.8537890624731,72.44449175635039,2095.83526570666,13582.908203125
867.8537890624731,72.4324796600911,2095.87970143653,13582.908203125
870.8537890624731,72.41447269249673,2095.9463152541343,13582.908203125
874.8537890624731,72.39048673992546,2096.0350487171795,13582.908203125
877.8537890624731,72.37251757964259,2096.101525958086,13582.908203125
881.8537890624731,72.3485891334709,2096.190051965452,13582.908203125
885.8537890624731,72.3246993832615,2096.2784368405382,13582.908203125
888.8537890624731,72.30681046809245,2096.344622879286,13582.908203125
891.8537890624731,72.28894751528627,2096.410713386902,13582.908203125
894.8537890624731,72.27111295041978,2096.4767012738434,13582.908203125
896.8537890624731,72.25330820013723,2096.5425797506914,13582.908203125
900.8537890624731,72.23553538871987,2096.6083418335634,13582.908203125
903.8537890624731,72.21779626689374,2096.6739806570295,13582.908203125
906.8537890624731,72.20009255991131,2096.739489373794,13582.908203125
909.8537890624731,72.17654632527439,2096.826619941502,13582.908203125
912.8537890624731,72.16479948275838,2096.8700888062995,13582.908203125
915.8537890624731,72.14721367500933,2096.9351658529167,13582.908203125
918.8537890624731,72.12967087402382,2097.0000853194815,13582.908203125
922.8537890624731,72.10635038070777,2097.0863877509473,13582.908203125
925.8537890624731,72.08891500960081,2097.150913061129,13582.908203125
928.8537890624731,72.06574450409936,2097.2366652771293,13582.908203125
933.8537890624731,72.04266543937428,2097.3220810951866,13582.908203125
936.8537890624731,72.02541886489152,2097.385912554253,13582.908203125
939.8537890624731,72.00822791180748,2097.4495391079827,13582.908203125
942.8537890624731,71.9910948265805,2097.512953934749,13582.908203125
945.8537890624731,71.97402081294905,2097.5761505357577,13582.908203125
949.8537890624731,71.95135101135284,2097.6600615522866,13582.908203125
952.8537890624731,71.92879403233552,2097.7435569760437,13582.908203125
955.8537890624731,71.9175593275762,2097.785143907076,13582.908203125
959.8537890624731,71.89517967894452,2097.867986600572,13582.908203125
962.8537890624731,71.87847572394624,2097.9298211614723,13582.908203125
965.8537890624731,71.86184297277313,2097.9913935124173,13582.908203125
968.8537890624731,71.83977955296973,2098.073070945435,13582.908203125
972.8537890624731,71.81785015759606,2098.154255327609,13582.908203125
976.8537890624731,71.80149313551235,2098.214811007327,13582.908203125
979.8537890624731,71.78521564058482,2098.2750743645393,13582.908203125
982.8537890624731,71.76363829727238,2098.354960000253,13582.908203125
985.8537890624731,71.74755234616971,2098.4145167958604,13582.908203125
989.8537890624731,71.73155123888353,2098.4737603019753,13582.908203125
992.8537890624731,71.71563683825731,2098.532684212281,13582.908203125
995.8537890624731,71.69981078041461,2098.591282316842,13582.908203125
999.8537890624731,71.67884951390745,2098.668895669168,13582.908203125
1003.8537890624731,71.65805204763787,2098.7459042799314,13582.908203125
1006.8537890624731,71.6425638593029,2098.803255149112,13582.908203125
1009.8537890624732,71.627171866516,2098.8602515826915,13582.908203125
1012.8537890624732,71.61187726105912,2098.916887681497,13582.908203125
1015.8537890624732,71.59668197815597,2098.9731573632507,13582.908203125
1018.8537890624732,71.57657876100042,2099.047603376562,13582.908203125
1022.8537890624732,71.56162115712476,2099.1029950947527,13582.908203125
1025.8537890624732,71.54676824439026,2099.1580006909726,13582.908203125
1028.8537890624732,71.53202132337087,2099.2126144226286,13582.908203125
1031.8537890624732,71.51738203820749,2099.266830483899,13582.908203125
1034.8537890624732,71.50285186021787,2099.3206431571293,13582.908203125
1037.8537890624732,71.4884325094279,2099.3740466903887,13582.908203125
1039.8537890624732,71.47412548884412,2099.427035434231,13582.908203125
1043.8537890624732,71.45993214886869,2099.479603823025,13582.908203125
1046.8537890624732,71.44585408643285,2099.5317462594,13582.908203125
1050.8537890624732,71.4272651271132,2099.600597401453,13582.908203125
1053.8537890624732,71.40888720504276,2099.6686685163404,13582.908203125
1058.8537890624732,71.39072380218725,2099.73594676787,13582.908203125
1061.8537890624732,71.37724402011511,2099.78587752396,13582.908203125
1064.8537890624732,71.35946405117272,2099.8517378868387,13582.908203125
1069.8537890624732,71.3419078904119,2099.9167708722894,13582.908203125
1072.8537890624732,71.32888946154794,2099.9649953096423,13582.908203125
1075.8537890624732,71.31600031967636,2100.0127422804444,13582.908203125
1078.8537890624732,71.29901783570868,2100.0756535558953,13582.908203125
1081.8537890624732,71.28643505594623,2100.122266988891,13582.908203125
1085.8537890624732,71.27398587296263,2100.1683863133726,13582.908203125
1088.8537890624732,71.26167157806759,2100.2140066397524,13582.908203125
1091.8537890624732,71.24949341810331,2100.2591231392485,13582.908203125
1095.8537890624732,71.2334700642901,2100.318486407139,13582.908203125
1099.8537890624732,71.21769410278065,2100.376934237003,13582.908203125
1102.8537890624732,71.20602624263114,2100.42016271284,13582.908203125
1105.8537890624732,71.19450043079082,2100.462865450932,13582.908203125
1108.8537890624732,71.18311796773656,2100.5050378888573,13582.908203125
1111.8537890624732,71.17187997823244,2100.546675566759,13582.908203125
1115.8537890624732,71.1571228224549,2100.6013529665397,13582.908203125
1118.8537890624732,71.14262746518571,2100.655061462149,13582.908203125
1122.8537890624732,71.13192931573174,2100.6947008978477,13582.908203125
1125.8537890624732,71.12138112488692,2100.7337853839967,13582.908203125
1128.8537890624732,71.10755197552882,2100.7850276253407,13582.908203125
1132.8537890624732,71.09735785735562,2100.822801202978,13582.908203125
1135.8537890624732,71.08731730127101,2100.860006217111,13582.908203125
1139.8537890624732,71.07417065510829,2100.908721619878,13582.908203125
1141.8537890624732,71.06770123103784,2100.9326947414124,13582.908203125
1145.8537890624732,71.054971539789,2100.979866200644,13582.908203125
1148.8537890624732,71.04252287962638,2101.025997146874,13582.908203125
1152.8537890624732,71.03337212776113,2101.0599072864816,13582.908203125
1155.8537890624732,71.02438180894393,2101.093223590818,13582.908203125
1158.8537890624732,71.01264569408772,2101.1367155280254,13582.908203125
1162.8537890624732,71.00403310763393,2101.1686326078766,13582.908203125
1165.8537890624732,70.99558402831177,2101.1999442796464,13582.908203125
1168.8537890624732,70.98457433823752,2101.2407457126646,13582.908203125
1172.8537890624732,70.97651006476116,2101.270631949031,13582.908203125
1174.8537890624732,70.97122628650395,2101.2902139242665,13582.908203125
1178.8537890624732,70.96088146410382,2101.328552514158,13582.908203125
1181.8537890624732,70.95331880583254,2101.3565806650777,13582.908203125
1184.8537890624732,70.94592497072672,2101.383983392283,13582.908203125
1187.8537890624732,70.93870073073765,2101.410757777398,13582.908203125
1190.8537890624732,70.93164686932369,2101.4369009603265,13582.908203125
1193.8537890624732,70.92250803960872,2101.4707718596233,13582.908203125
1196.8537890624732,70.9158545878107,2101.495431516489,13582.908203125
1200.8537890624732,70.90937393942626,2101.5194509394214,13582.908203125
1204.8537890624732,70.90100305544084,2101.5504765014816,13582.908203125
1206.8537890624732,70.89693375918363,2101.565558910154,13582.908203125
1210.8537890624732,70.8890284353001,2101.5948594011534,13582.908203125
1213.8537890624732,70.88143535360007,2101.6230028538203,13582.908203125
1217.8537890624732,70.87594632274379,2101.6433479144825,13582.908203125
1220.8537890624732,70.8706343109376,2101.6630369637855,13582.908203125
1224.8537890624732,70.86382800549012,2101.6882649329236,13582.908203125
1227.8537890624732,70.85893120093608,2101.7064152370212,13582.908203125
1230.8537890624732,70.85421327631373,2101.7239027817627,13582.908203125
1233.8537890624732,70.84967462939967,2101.740725730524,13582.908203125
1235.8537890624732,70.84531589145877,2101.756882243333,13582.908203125
1239.8537890624732,70.84113737916411,2101.772370638038,13582.908203125
1242.8537890624732,70.83713955587032,2101.7871892549942,13582.908203125
1245.8537890624732,70.83332288547874,2101.801336500374,13582.908203125
1249.8537890624732,70.828516495059,2101.8191525339885,13582.908203125
1251.8537890624732,70.8251240079637,2101.8317275091467,13582.908203125
1255.8537890624732,70.82191398918664,2101.8436263447534,13582.908203125
1259.8537890624732,70.81791834864963,2101.858437512374,13582.908203125
1261.8537890624732,70.81604263466865,2101.8653906057298,13582.908203125
1265.8537890624732,70.81253560329193,2101.8783902366363,13582.908203125
1267.8537890624732,70.81011983749131,2101.8873454172594,13582.908203125
1271.8537890624732,70.80788793980865,2101.8956185742063,13582.908203125
1274.8537890624732,70.8051987958597,2101.9055869211393,13582.908203125
1277.8537890624732,70.8033972832003,2101.9122652411197,13582.908203125
1281.8537890624732,70.80178034925031,2101.918258876257,13582.908203125
1284.8537890624732,70.79991216860782,2101.925184136379,13582.908203125
1287.8537890624732,70.79872697323432,2101.9295776870454,13582.908203125
1291.8537890624732,70.79772697017086,2101.9332846689063,13582.908203125
1295.8537890624732,70.79668198019313,2101.9371586152592,13582.908203125
1298.8537890624732,70.79611455524469,2101.9392621653424,13582.908203125
1301.8537890624732,70.79573262607772,2101.9406781042144,13582.908203125
1304.8537890624732,70.79553618902422,2101.941406293443,13582.908203125
1307.8537890624732,70.79552540131286,2101.9414466154144,13582.908203125
1310.8537890624732,70.79579969889078,2101.9404303962037,13582.908203125
1314.8537890624732,70.79640360505576,2101.9381916070206,13582.908203125
1318.8537890624732,70.79707300879201,2101.9357103821358,13582.908203125
1321.8537890624732,70.79792784527527,2101.9325419138167,13582.908203125
1324.8537890624732,70.79896794325859,2101.9286865639556,13582.908203125
1327.8537890624732,70.80019329910655,2101.9241447132335,13582.908203125
1330.8537890624732,70.80160368220228,2101.9189168760945,13582.908203125
1334.8537890624732,70.80377173584444,2101.9108803168674,13582.908203125
1336.8537890624732,70.8056133525389,2101.904054108021,13582.908203125
1340.8537890624732,70.80835571726226,2101.893888884632,13582.908203125
1345.8537890624732,70.81142558622594,2101.8825098515117,13582.908203125
1347.8537890624732,70.8139424800725,2101.873180330309,13582.908203125
1351.8537890624732,70.81664302571222,2101.8631702416624,13582.908203125
1355.8537890624732,70.82052886159288,2101.8487666761343,13582.908203125
1357.8537890624732,70.82259376781457,2101.8411127512527,13582.908203125
1360.8537890624732,70.82584332034935,2101.8290677087143,13582.908203125
1363.8537890624732,70.82927518771449,2101.8163468312473,13582.908203125
1366.8537890624732,70.8328892252111,2101.8029514132327,13582.908203125
1369.8537890624732,70.83668471513677,2101.788882982478,13582.908203125
1371.8537890624732,70.83931563781016,2101.7791308752285,13582.908203125
1375.8537890624732,70.84481879678997,2101.7587330536767,13582.908203125
1378.8537890624732,70.84915658580476,2101.742654757078,13582.908203125
1381.8537890624732,70.85367408908043,2101.725909888923,13582.908203125
1385.8537890624732,70.85997667653463,2101.7025494555987,13582.908203125
1387.8537890624732,70.8649121613868,2101.6842561690096,13582.908203125
1391.8537890624732,70.87002563004964,2101.6653025618543,13582.908203125
1395.8537890624732,70.87712011509167,2101.639007250889,13582.908203125
1397.8537890624732,70.8807853843253,2101.625422240334,13582.908203125
1401.8537890624732,70.88835110919189,2101.597380731574,13582.908203125
1403.8537890624732,70.89225120236108,2101.582925565013,13582.908203125
1407.8537890624732,70.90028485583247,2101.5531498568303,13582.908203125
1411.8537890624732,70.90862870349083,2101.522224994113,13582.908203125
1413.8537890624732,70.9150889818432,2101.498280801001,13582.908203125
1417.8537890624732,70.92172237869701,2101.4736959981024,13582.908203125
1421.8537890624732,70.9308343703429,2101.4399244781557,13582.908203125
1424.8537890624732,70.93786831744237,2101.4138554167625,13582.908203125
1427.8537890624732,70.94507277948549,2101.3871548046905,13582.908203125
1431.8537890624732,70.95494237154955,2101.3505765889695,13582.908203125
1433.8537890624732,70.95998975625808,2101.3318705064953,13582.908203125
1436.8537890624732,70.96770094896922,2101.3032926390088,13582.908203125
1439.8537890624732,70.97557934079133,2101.2740950536418,13582.908203125
1442.8537890624732,70.9836242210071,2101.2442808264236,13582.908203125
1445.8537890624732,70.99183488536393,2101.213853091675,13582.908203125
1447.8537890624732,70.9973999556083,2101.193228807049,13582.908203125
1451.8537890624732,71.00874914374447,2101.151170405213,13582.908203125
1454.8537890624732,71.01745123231504,2101.118922048941,13582.908203125
1457.8537890624732,71.02631530354697,2101.0860736060217,13582.908203125
1461.8537890624732,71.03838451963489,2101.0413482398894,13582.908203125
1463.8537890624732,71.04762295603496,2101.0071132865974,13582.908203125
1467.8537890624732,71.05702014507982,2100.9722901654263,13582.908203125
1471.8537890624732,71.06979524384823,2100.9249507436066,13582.908203125
1474.8537890624732,71.07955940655526,2100.888769626681,13582.908203125
1477.8537890624732,71.08947881424416,2100.852012978606,13582.908203125
1480.8537890624732,71.09955276190257,2100.814684610988,13582.908203125
1483.8537890624732,71.1097800144155,2100.7767885458816,13582.908203125
1487.8537890624732,71.12365280178783,2100.7253843961876,13582.908203125
1490.8537890624732,71.1377938401323,2100.6729878338574,13582.908203125
1494.8537890624732,71.1485739055368,2100.6330451403364,13582.908203125
1497.8537890624732,71.15950212524994,2100.592554062535,13582.908203125
1501.8537890624732,71.17430161997338,2100.5377203458784,13582.908203125
1503.8537890624732,71.18179856671358,2100.509943983161,13582.908203125
1507.8537890624732,71.19698459280445,2100.4536789580975,13582.908203125
1511.8537890624732,71.21242501333414,2100.396472903589,13582.908203125
1513.8537890624732,71.22023990429904,2100.3675203063613,13582.908203125
1517.8537890624732,71.23605611754826,2100.3089231275612,13582.908203125
1521.8537890624732,71.25211936363112,2100.249412270328,13582.908203125
1523.8537890624732,71.26432712229213,2100.20418627334,13582.908203125
1527.8537890624732,71.27667072753084,2100.158457489044,13582.908203125
1530.8537890624732,71.28914896696364,2100.1122307466785,13582.908203125
1533.8537890624732,71.30176039683819,2100.065510990776,13582.908203125
1537.8537890624732,71.31878088737744,2100.002459544269,13582.908203125
1540.8537890624732,71.33169830118516,2099.954608678634,13582.908203125
1543.8537890624732,71.34474429947556,2099.9062815610555,13582.908203125
1547.8057421874732,71.36212438076817,2099.84190101728,13582.908203125
1549.6936328124732,71.37050419625291,2099.8108605732946,13582.908203125
1553.2772265624733,71.38654622326942,2099.751438465731,13582.908203125
1555.7967578124733,71.3979301999117,2099.709271296597,13582.908203125
1558.1721484374732,71.40874148200942,2099.6692255882554,13582.908203125
1559.6756640624733,71.41562379369675,2099.6437337302536,13582.908203125
1562.4905078124732,71.42858935797167,2099.595709710096,13582.908203125
1563.8018359374732,71.4346653441207,2099.573205109612,13582.908203125
1566.2338671874732,71.44599345402455,2099.531247292762,13582.908203125
1568.4096484374732,71.4561930506957,2099.4934699545843,13582.908203125
1570.3291796874732,71.46524185051769,2099.4599550838157,13582.908203125
1571.5928515624732,71.47122460699559,2099.4377966340066,13582.908203125
1573.1928515624736,71.47882864230208,2099.4096334525257,13582.908203125
1574.3928515624739,71.4845528403581,2099.3884328870818,13582.908203125
1575.5928515624742,71.4902950623316,2099.3671657144437,13582.908203125
1577.1928515624745,71.49797923720361,2099.338706493345,13582.908203125
1578.3928515624748,71.50376314040797,2099.3172853064257,13582.908203125
1579.592851562475,71.50956474520522,2099.295798717188,13582.908203125
1581.1928515624754,71.51732758801792,2099.26704882294,13582.908203125
1582.3928515624757,71.52317012078035,2099.245411044072,13582.908203125
1583.392851562476,71.5280521489837,2099.227330523348,13582.908203125
1584.5928515624762,71.5339264588931,2099.2055753529557,13582.908203125
1586.1928515624766,71.54178556343214,2099.176469739621,13582.908203125
1587.3928515624768,71.54769984094543,2099.154566951813,13582.908203125
1588.592851562477,71.55462125368499,2099.128934549175,13582.908203125
1589.9928515624774,71.56057213983277,2099.1068965009536,13582.908203125
1591.3928515624777,71.56753598489543,2099.081107315597,13582.908203125
1592.792851562478,71.57452245522116,2099.055234555329,13582.908203125
1594.1928515624784,71.58153140695742,2099.0292788113748,13582.908203125
1595.3928515624787,71.58755682887404,2099.006965442312,13582.908203125
1596.592851562479,71.59359854504198,2098.984591923419,13582.908203125
1597.9928515624792,71.60066765564436,2098.9584139719227,13582.908203125
1599.3928515624796,71.60775866369997,2098.9321552621805,13582.908203125
1600.5928515624798,71.61487135351251,2098.9058164143426,13582.908203125
1601.59285156248,71.61894541990722,2098.890729897017,13582.908203125
1602.7928515624803,71.6250696794989,2098.8680516610934,13582.908203125
1604.1928515624807,71.63223440071637,2098.84152070434,13582.908203125
1605.792851562481,71.6404485174279,2098.8111040700414,13582.908203125
1606.9928515624813,71.64662709873228,2098.788225231941,13582.908203125
1608.3928515624816,71.65385478127189,2098.7614619325827,13582.908203125
1609.5928515624819,71.66006635490537,2098.7384612838164,13582.908203125
1610.7928515624822,71.66629299512738,2098.7154050284794,13582.908203125
1611.9928515624824,71.67253459356073,2098.6922935573525,13582.908203125
1613.1928515624827,71.6787910607179,2098.6691272565954,13582.908203125
1614.392851562483,71.68506228021171,2098.645906520989,13582.908203125
1615.5928515624832,71.69239718892926,2098.6187473922255,13582.908203125
1616.9928515624836,71.69870000984764,2098.5954100618324,13582.908203125
1617.9928515624838,71.70396334003367,2098.5759216504516,13582.908203125
1619.392851562484,71.71134875020675,2098.548576242913,13582.908203125
1620.5928515624844,71.71769447256986,2098.5250805410824,13582.908203125
1621.7928515624847,71.72405429306708,2098.5015328383092,13582.908203125
1622.992851562485,71.73042810844875,2098.4779335313137,13582.908203125
1624.3928515624852,71.73788175373781,2098.450336321425,13582.908203125
1625.5928515624855,71.7442855034517,2098.426626579593,13582.908203125
1626.7928515624858,71.75177379303123,2098.3989016198834,13582.908203125
1627.792851562486,71.75606107928104,2098.3830282725294,13582.908203125
1628.9928515624863,71.76250321006752,2098.359176953713,13582.908203125
1630.1928515624866,71.76895867502922,2098.3352764388096,13582.908203125
1631.3928515624868,71.77542739380407,2098.3113271231136,13582.908203125
1632.7928515624872,71.78407272199134,2098.2793195060626,13582.908203125
1634.1928515624875,71.79057187941123,2098.2552579141075,13582.908203125
1635.5928515624878,71.79817046915402,2098.2271261269143,13582.908203125
1636.792851562488,71.80469736036915,2098.202962257459,13582.908203125
1637.9928515624883,71.811236886397,2098.1787518257916,13582.908203125
1639.1928515624886,71.81778893873363,2098.1544952400127,13582.908203125
1640.3928515624889,71.82435338788258,2098.1301929150454,13582.908203125
1641.7928515624892,71.83202745742386,2098.101782933249,13582.908203125
1642.9928515624895,71.83861842402385,2098.0773829036366,13582.908203125
1644.3928515624898,71.84632310993702,2098.0488600642425,13582.908203125
1645.7928515624901,71.85404402770766,2098.020277390998,13582.908203125
1647.1928515624904,71.8617810189455,2097.99163553461,13582.908203125
1648.5928515624908,71.86953388305963,2097.962935159499,13582.908203125
1649.792851562491,71.87619171004253,2097.9382887564475,13582.908203125
1650.9928515624913,71.88286095817864,2097.9136002590762,13582.908203125
1652.3928515624916,71.89177087201097,2097.8806174988126,13582.908203125
1653.792851562492,71.89846634345629,2097.855832398104,13582.908203125
1654.9928515624922,71.90517287366652,2097.831006589513,13582.908203125
1656.1928515624925,71.91189034943527,2097.8061404917025,13582.908203125
1657.5928515624928,71.91974106779043,2097.777079688081,13582.908203125
1658.9928515624931,71.92760634425504,2097.747965285308,13582.908203125
1660.3928515624934,71.93548600525106,2097.7187979492633,13582.908203125
1661.5928515624937,71.94225129964296,2097.6937557557817,13582.908203125
1662.792851562494,71.9490269086361,2097.6686755880787,13582.908203125
1663.9928515624943,71.95581272609415,2097.643557866353,13582.908203125
1665.3928515624946,71.96374224876693,2097.6142069623806,13582.908203125
1666.5928515624948,71.97168532939953,2097.5848061920824,13582.908203125
1667.9928515624952,71.97850432858151,2097.5595663558265,13582.908203125
1669.1928515624954,71.98533303705952,2097.534290804316,13582.908203125
1670.5928515624958,71.99445287018084,2097.5005352524945,13582.908203125
1671.992851562496,72.00130377996469,2097.4751780236506,13582.908203125
1672.9928515624963,72.00701999962888,2097.454020784593,13582.908203125
1674.3928515624966,72.01503345161572,2097.4243611134634,13582.908203125
1675.592851562497,72.0230592840031,2097.3946559280494,13582.908203125
1676.9928515624972,72.03109730876167,2097.364905910183,13582.908203125
1678.3928515624975,72.03799661243777,2097.339370727405,13582.908203125
1679.5928515624978,72.04490462160133,2097.3138035372517,13582.908203125
1681.1928515624982,72.05412864647677,2097.279664903281,13582.908203125
1682.3928515624984,72.06105652183516,2097.254024701525,13582.908203125
1683.7928515624988,72.06914955016842,2097.224072523532,13582.908203125
1685.192851562499,72.07725371903624,2097.1940794190396,13582.908203125
1686.3928515624993,72.0842088737156,2097.1683389907485,13582.908203125
1687.7928515624997,72.09233324029204,2097.138271702252,13582.908203125
1689.1928515625,72.1004682163283,2097.10816545164,13582.908203125
1690.3928515625003,72.1074493600938,2097.0823296044496,13582.908203125
1691.5928515625005,72.11443804182531,2097.0564660735145,13582.908203125
1693.192851562501,72.12376781121537,2097.0219390522907,13582.908203125
1694.3928515625012,72.13077363485738,2096.9960126146125,13582.908203125
1695.5928515625014,72.1389561242942,2096.965731977911,13582.908203125
1696.5928515625017,72.14363612919988,2096.9484129919406,13582.908203125
1697.792851562502,72.15183353427238,2096.918077643606,13582.908203125
1699.3928515625023,72.16004018985643,2096.8877083708135,13582.908203125
1700.5928515625026,72.16708168749547,2096.8616510906195,13582.908203125
1701.7928515625028,72.17412972463167,2096.8355698346754,13582.908203125
1703.0919531250029,72.18176705926028,2096.8073081467023,13582.908203125
1704.777529296878,72.1916874262048,2096.770598577222,13582.908203125
1705.931582031253,72.19848653405207,2096.74543925387,13582.908203125
1707.029501953128,72.20496009992995,2096.721484759331,13582.908203125
1708.083554687502,72.21107148456807,2096.7341175004717,13578.671875
1709.1235546875012,72.21728270740982,2096.821454492719,13574.9580078125
1710.1435546875002,72.22337095402926,2096.8899569746027,13572.314453125
1711.2035546874993,72.22967642602708,2096.8232226663595,13571.2509765625
1712.2635546874983,72.23597029609606,2096.7575882564142,13570.5419921875
1713.3235546874973,72.2422634386915,2096.7282499512394,13570.203125
1714.3635546874964,72.2484192030218,2096.7090775131633,13569.0107421875
1715.4435546874954,72.25477201368567,2096.6912934111588,13567.6904296875
1716.4635546874945,72.26073120169086,2096.6743661616983,13565.9521484375
1717.4835546874936,72.26665643020638,2096.651215867332,13565.6103515625
1718.5235546874926,72.27270176593319,2096.6277525590003,13565.34765625
1719.5435546874917,72.27863517704152,2096.6087777750213,13564.8388671875
1720.5635546874908,72.28456726403627,2096.586149327931,13564.5185546875
1721.5835546874898,72.2905195291473,2096.564496049548,13564.2744140625
1722.6435546874889,72.29669905802083,2096.540832651443,13563.7890625
1723.7235546874879,72.30298385948478,2096.5255324578657,13562.80859375
1724.783554687487,72.30913152002893,2096.5244841959593,13561.39453125
1725.823554687486,72.3151610919761,2096.5156392661465,13559.7080078125
1726.843554687485,72.32108662208694,2096.503990729501,13558.6376953125
1727.903554687484,72.32734366305894,2096.471834646195,13557.740234375
1728.9235546874831,72.33328384346258,2096.4528711085727,13557.05859375
1729.9435546874822,72.33909713429736,2096.4313340829967,13556.4775390625
1731.0035546874813,72.34527387204837,2096.40852260815,13555.9560546875
1732.0635546874803,72.35144348355068,2096.385659689187,13555.5283203125
1733.1035546874793,72.35750967941898,2096.3632827135325,13555.1806640625
1734.1435546874784,72.36368926410132,2096.3403518197856,13554.91796875
1735.2035546874774,72.36976370821858,2096.317906076489,13554.7783203125
1736.2835546874765,72.37607003340136,2096.2946228139613,13554.708984375
1737.3035546874755,72.38203165154799,2096.2725285661327,13554.6513671875
1738.3235546874746,72.3879976865861,2096.250459306252,13554.6513671875
1739.3435546874737,72.39396723785845,2096.2283772009623,13554.6513671875
1740.3835546874727,72.40017453725322,2096.2054158198166,13554.6513671875
1741.4035546874718,72.40603381648752,2096.183741944872,13554.6513671875
1742.4635546874708,72.41224811192927,2096.1607550256326,13554.6513671875
1743.50355468747,72.41834853945963,2096.138189479217,13554.6513671875
1744.523554687469,72.4243348315173,2096.116046288527,13554.6513671875
1745.563554687468,72.43042599434487,2096.093506228748,13554.6513671875
1746.643554687467,72.43677101288945,2096.0700364743548,13554.6513671875
1747.663554687466,72.4427665438113,2096.047859617776,13554.6513671875
1748.7035546874652,72.44888257163973,2096.02523722967,13554.6513671875
1749.7635546874642,72.45511918833049,2096.0021689556916,13554.6513671875
1750.8035546874632,72.46123313555331,2095.979550042685,13554.6513671875
1751.8635546874623,72.46759326494846,2095.9560252862984,13554.6513671875
1752.8835546874614,72.47348482773266,2095.934233838336,13554.6513671875
1753.9235546874604,72.47961458271544,2095.9115615297633,13554.6513671875
1754.9435546874595,72.48573378081957,2095.888920842911,13554.6513671875
1755.9635546874586,72.49162071756157,2095.86714012708,13554.6513671875
1757.0235546874576,72.49787178421067,2095.8440173692647,13554.6513671875
1758.0635546874566,72.50399145731679,2095.8213716324294,13554.6513671875
1759.1435546874557,72.5103691678046,2095.7977830982595,13554.6513671875
1760.1835546874547,72.51651282481582,2095.7750604132766,13554.6513671875
1761.2635546874537,72.52289493384666,2095.751455983002,13554.6513671875
1762.3035546874528,72.52916091032036,2095.7282812576186,13554.6513671875
1763.3235546874519,72.53507400082343,2095.706411838854,13554.6513671875
1764.343554687451,72.5411070728054,2095.6840988566883,13554.6513671875
1765.40355468745,72.54737849802873,2095.660904499442,13554.6513671875
1766.463554687449,72.55377001548977,2095.637266188718,13554.6513671875
1767.483554687448,72.55968959973427,2095.6153734228124,13554.6513671875
1768.5235546874471,72.56584743413282,2095.592599716217,13554.6513671875
1769.5435546874462,72.57188822778105,2095.570259016549,13554.6513671875
1770.5835546874453,72.57816728344525,2095.547037315979,13554.6513671875
1771.6035546874443,72.58408429341122,2095.5251501764474,13554.6513671875
1772.6235546874434,72.59012876608584,2095.502796379553,13554.6513671875
1773.6435546874425,72.59617431091448,2095.4804387762892,13554.6513671875
1774.7235546874415,72.6025765629356,2095.4567621946635,13554.6513671875
1775.7635546874405,72.60874267190637,2095.43395909095,13554.6513671875
1776.8435546874396,72.6151468696819,2095.410275699103,13554.6513671875
1777.8635546874386,72.6211960723193,2095.387905284623,13554.6513671875
1778.9235546874377,72.62760186843084,2095.364216344017,13554.6513671875
1779.9635546874367,72.63365242550172,2095.341841273505,13554.6513671875
1780.9835546874358,72.63970352910506,2095.3194643331008,13554.6513671875
1782.0435546874348,72.6459924309036,2095.296208195422,13554.6513671875
1783.1035546874339,72.6522817613571,2095.272950669473,13554.6513671875
1784.183554687433,72.65869011456566,2095.2492531875164,13554.6513671875
1785.243554687432,72.66497222943894,2095.2260181367187,13554.6513671875
1786.303554687431,72.67126235704683,2095.2027582013447,13554.6513671875
1787.34355468743,72.67743389973184,2095.179936943455,13554.6513671875
1788.383554687429,72.68360546072026,2095.1571157937765,13554.6513671875
1789.4035546874281,72.68964392443502,2095.1347785945036,13554.6513671875
1790.4435546874272,72.69581529261055,2095.1119585177016,13554.6513671875
1791.4835546874262,72.70198644825432,2095.0891394091964,13554.6513671875
1792.5235546874253,72.70815731370938,2095.0663215391173,13554.6513671875
1793.5835546874243,72.714446471364,2095.043066433653,13554.6513671875
1794.6435546874234,72.72072733508749,2095.0198376101885,13554.6513671875
1795.7035546874224,72.72701548334793,2094.9965865940612,13554.6513671875
1796.7635546874214,72.73330300391582,2094.973338079413,13554.6513671875
1797.8235546874205,72.7399829728728,2143.8699726022073,13345.00390625
1798.8835546874195,72.74771645172068,2195.503390889332,13127.134765625
1799.9635546874185,72.75712934029895,2248.9959364604247,12905.1552734375
1801.0035546874176,72.76810501259949,2301.3792670521348,12691.3974609375
1802.0435546874166,72.78141848253959,2354.6464315837743,12477.6396484375
1803.0835546874157,72.79755832687545,2408.826919561263,12263.8818359375
1804.1235546874148,72.8174437372362,2465.0214798249153,12046.0126953125
1805.2035546874138,72.84138549035019,2521.3399792947585,11831.5068359375
1806.3035546874128,72.87100917345099,2540.143838736103,3306.556396484375
1807.3435546874118,72.90261798977282,2558.9668353904754,3288.113037109375
1808.363554687411,72.93747367532819,2577.523533070466,3270.024169921875
1809.40355468741,72.97799686370104,2596.90565476179,3251.225830078125
1810.443554687409,73.02131555491546,2615.651531325725,3233.13671875
1811.523554687408,73.0720678162456,2635.602333623063,3213.984130859375
1812.563554687407,73.12592256215552,2654.914359226945,3195.54052734375
1813.623554687406,73.18726760643442,2675.0740458195482,3176.3876953125
1814.6435546874052,73.24918731423315,2693.836633189985,3158.6533203125
1815.7035546874042,73.32045329409954,2713.826748357291,3139.85498046875
1816.7635546874033,73.39924464257632,2734.302864638844,3120.7021484375
1817.8435546874023,73.4828638296295,2754.507758173204,3101.904052734375
1818.8635546874013,73.569462464722,2774.052043928512,3083.81494140625
1819.9035546874004,73.66606455984164,2794.4696889668044,3065.016845703125
1820.9635546873994,73.76762914156926,2814.609066962069,3046.5732421875
1821.9835546873985,73.87613974661112,2834.8555657382744,3028.12939453125
1823.0235546873976,73.98955834685685,2854.8177830995014,3010.040771484375
1824.0835546873966,74.11500734762056,2875.6742864632133,2991.2421875
1825.1635546873956,74.2510418573753,2897.042435119912,2972.08935546875
1826.2235546873947,74.3928960688056,2918.132125828707,2953.291259765625
1827.2435546873937,74.5374520930925,2938.536882728586,2935.2021484375
1828.3235546873927,211.11525837109815,3718.8182462569016,2916.404052734375
